epoch,step,test_accuracy,test_f1,test_loss,test_precision,test_recall,train_accuracy,train_f1,train_loss,train_precision,train_recall
0,151,0.906095564365387,0.9098101258277893,0.2816746234893799,0.8846153616905212,0.9364820718765259,,,,,
0,151,,,,,,0.7491245865821838,0.7537403702735901,0.5082279443740845,0.7482938766479492,0.7592667937278748
1,303,0.8640856742858887,0.8741418719291687,0.322022408246994,0.8220946788787842,0.9332247376441956,,,,,
1,303,,,,,,0.8473738431930542,0.8640117645263672,0.3509824573993683,0.7862391471862793,0.9588594436645508
2,455,0.936573326587677,0.9385474920272827,0.16609613597393036,0.920187771320343,0.9576547145843506,,,,,
2,455,,,,,,0.9258496165275574,0.9279999732971191,0.205404132604599,0.9115913510322571,0.9450101852416992
